Datetime,Water Level (m)
2025-05-28 18:00:00,1.0943196
2025-05-28 19:00:00,1.3167672
2025-05-28 20:00:00,1.4523796
2025-05-28 21:00:00,1.5174628
2025-05-28 22:00:00,1.3550223
2025-05-28 23:00:00,0.9802164
2025-05-29 00:00:00,0.65828574
2025-05-29 01:00:00,0.40895507
2025-05-29 02:00:00,0.13192208
2025-05-29 03:00:00,-0.14104061
2025-05-29 04:00:00,0.1091354
2025-05-29 05:00:00,1.1610675
2025-05-29 06:00:00,2.0394921
2025-05-29 07:00:00,2.516848
2025-05-29 08:00:00,2.7617943
2025-05-29 09:00:00,2.8430536
2025-05-29 10:00:00,2.660552
2025-05-29 11:00:00,2.2798517
2025-05-29 12:00:00,1.9078394
2025-05-29 13:00:00,1.4361731
2025-05-29 14:00:00,0.8534788
2025-05-29 15:00:00,0.39336675
2025-05-29 16:00:00,0.07428267
2025-05-29 17:00:00,0.12366495
2025-05-29 18:00:00,1.0882245
2025-05-29 19:00:00,1.7397187
2025-05-29 20:00:00,2.0684927
2025-05-29 21:00:00,2.2277527
2025-05-29 22:00:00,2.1193855
2025-05-29 23:00:00,1.7387729
2025-05-30 00:00:00,1.3457669
2025-05-30 01:00:00,0.9080787
2025-05-30 02:00:00,0.4757018
2025-05-30 03:00:00,0.11804409
2025-05-30 04:00:00,-0.124698706
2025-05-30 05:00:00,0.025888722
2025-05-30 06:00:00,0.7880265
2025-05-30 07:00:00,1.3562503
2025-05-30 08:00:00,1.7449967
2025-05-30 09:00:00,2.0330172
2025-05-30 10:00:00,2.1385877
2025-05-30 11:00:00,1.8193884
2025-05-30 12:00:00,1.3223057
2025-05-30 13:00:00,0.85091263
2025-05-30 14:00:00,0.39810446
2025-05-30 15:00:00,-0.027713688
2025-05-30 16:00:00,-0.3745613
2025-05-30 17:00:00,-0.5879215
2025-05-30 18:00:00,-0.42423123
2025-05-30 19:00:00,0.5530095
2025-05-30 20:00:00,1.0759751
2025-05-30 21:00:00,1.2502778
2025-05-30 22:00:00,1.3009595
2025-05-30 23:00:00,1.241521
2025-05-31 00:00:00,0.9261456
2025-05-31 01:00:00,0.5278184
2025-05-31 02:00:00,0.17339435
2025-05-31 03:00:00,-0.17910074
2025-05-31 04:00:00,-0.48291233
2025-05-31 05:00:00,-0.646993
2025-05-31 06:00:00,-0.27466083
2025-05-31 07:00:00,0.6769376
2025-05-31 08:00:00,1.1795522
2025-05-31 09:00:00,1.4933856
2025-05-31 10:00:00,1.6938342
2025-05-31 11:00:00,1.7180068
2025-05-31 12:00:00,1.3956457
2025-05-31 13:00:00,0.9492188
2025-05-31 14:00:00,0.5595867
2025-05-31 15:00:00,0.17306656
2025-05-31 16:00:00,-0.21258686
2025-05-31 17:00:00,-0.51254004
2025-05-31 18:00:00,-0.6505435
2025-05-31 19:00:00,-0.31118697
2025-05-31 20:00:00,0.55226195
2025-05-31 21:00:00,0.95699894
2025-05-31 22:00:00,1.1235003
2025-05-31 23:00:00,1.1969441
2025-06-01 00:00:00,1.1247768
2025-06-01 01:00:00,0.806062
2025-06-01 02:00:00,0.4559737
2025-06-01 03:00:00,0.14360905
2025-06-01 04:00:00,-0.18453349
2025-06-01 05:00:00,-0.45621705
2025-06-01 06:00:00,-0.5625971
2025-06-01 07:00:00,-0.04027839
2025-06-01 08:00:00,0.7532202
2025-06-01 09:00:00,1.1308919
2025-06-01 10:00:00,1.384732
2025-06-01 11:00:00,1.5594555
2025-06-01 12:00:00,1.5783454
2025-06-01 13:00:00,1.306088
2025-06-01 14:00:00,0.92490256
2025-06-01 15:00:00,0.5752615
2025-06-01 16:00:00,0.22066982
2025-06-01 17:00:00,-0.14865045
2025-06-01 18:00:00,-0.43119442
2025-06-01 19:00:00,-0.5366513
2025-06-01 20:00:00,-0.18507037
2025-06-01 21:00:00,0.52647895
2025-06-01 22:00:00,0.8552037
2025-06-01 23:00:00,0.97140855
2025-06-02 00:00:00,1.0258228
2025-06-02 01:00:00,0.9905937
2025-06-02 02:00:00,0.7538018
2025-06-02 03:00:00,0.45445132
2025-06-02 04:00:00,0.17839509
2025-06-02 05:00:00,-0.10119786
2025-06-02 06:00:00,-0.3282316
2025-06-02 07:00:00,-0.3482724
2025-06-02 08:00:00,0.14027962
2025-06-02 09:00:00,0.72217333
2025-06-02 10:00:00,0.9826415
2025-06-02 11:00:00,1.1718136
2025-06-02 12:00:00,1.3128656
2025-06-02 13:00:00,1.3126973
2025-06-02 14:00:00,1.0608882
2025-06-02 15:00:00,0.7392936
2025-06-02 16:00:00,0.4463581
2025-06-02 17:00:00,0.12065786
2025-06-02 18:00:00,-0.22904065
2025-06-02 19:00:00,-0.4650064
2025-06-02 20:00:00,-0.5315274
2025-06-02 21:00:00,-0.14987528
2025-06-02 22:00:00,0.4712026
2025-06-02 23:00:00,0.7497043
2025-06-03 00:00:00,0.8697467
2025-06-03 01:00:00,0.9631953
2025-06-03 02:00:00,0.9855712
2025-06-03 03:00:00,0.8141107
2025-06-03 04:00:00,0.5416464
2025-06-03 05:00:00,0.27034196
2025-06-03 06:00:00,0.00617965
2025-06-03 07:00:00,-0.19849785
2025-06-03 08:00:00,-0.20227681
2025-06-03 09:00:00,0.19528513
2025-06-03 10:00:00,0.6444914
2025-06-03 11:00:00,0.86513686
2025-06-03 12:00:00,1.0174758
2025-06-03 13:00:00,1.1318295
2025-06-03 14:00:00,1.1552991
2025-06-03 15:00:00,0.97500044
2025-06-03 16:00:00,0.7046531
2025-06-03 17:00:00,0.41590077
2025-06-03 18:00:00,0.105518326
